CREATE DATABASE  IF NOT EXISTS `cookio` /*!40100 DEFAULT CHARACTER SET utf8mb4 COLLATE utf8mb4_0900_ai_ci */ /*!80016 DEFAULT ENCRYPTION='N' */;
USE `cookio`;
-- MySQL dump 10.13  Distrib 8.0.36, for Win64 (x86_64)
--
-- Host: 127.0.0.1    Database: cookio
-- ------------------------------------------------------
-- Server version	8.0.36

/*!40101 SET @OLD_CHARACTER_SET_CLIENT=@@CHARACTER_SET_CLIENT */;
/*!40101 SET @OLD_CHARACTER_SET_RESULTS=@@CHARACTER_SET_RESULTS */;
/*!40101 SET @OLD_COLLATION_CONNECTION=@@COLLATION_CONNECTION */;
/*!50503 SET NAMES utf8 */;
/*!40103 SET @OLD_TIME_ZONE=@@TIME_ZONE */;
/*!40103 SET TIME_ZONE='+00:00' */;
/*!40014 SET @OLD_UNIQUE_CHECKS=@@UNIQUE_CHECKS, UNIQUE_CHECKS=0 */;
/*!40014 SET @OLD_FOREIGN_KEY_CHECKS=@@FOREIGN_KEY_CHECKS, FOREIGN_KEY_CHECKS=0 */;
/*!40101 SET @OLD_SQL_MODE=@@SQL_MODE, SQL_MODE='NO_AUTO_VALUE_ON_ZERO' */;
/*!40111 SET @OLD_SQL_NOTES=@@SQL_NOTES, SQL_NOTES=0 */;

--
-- Table structure for table `cuisines`
--

DROP TABLE IF EXISTS `cuisines`;
/*!40101 SET @saved_cs_client     = @@character_set_client */;
/*!50503 SET character_set_client = utf8mb4 */;
CREATE TABLE `cuisines` (
  `id` int NOT NULL AUTO_INCREMENT,
  `name` varchar(100) NOT NULL,
  `description` text,
  `created_at` timestamp NULL DEFAULT CURRENT_TIMESTAMP,
  `updated_at` timestamp NULL DEFAULT CURRENT_TIMESTAMP ON UPDATE CURRENT_TIMESTAMP,
  PRIMARY KEY (`id`),
  UNIQUE KEY `name` (`name`)
) ENGINE=InnoDB AUTO_INCREMENT=17 DEFAULT CHARSET=utf8mb4 COLLATE=utf8mb4_0900_ai_ci;
/*!40101 SET character_set_client = @saved_cs_client */;

--
-- Dumping data for table `cuisines`
--

LOCK TABLES `cuisines` WRITE;
/*!40000 ALTER TABLE `cuisines` DISABLE KEYS */;
INSERT INTO `cuisines` VALUES (4,'Italian','Known for pasta, pizza, and rich sauces like marinara and alfredo.','2024-11-23 12:53:44','2024-11-23 12:53:44'),(5,'Japanese','Famous for sushi, sashimi, ramen, and umami-rich dishes.','2024-11-23 12:53:44','2024-11-23 12:53:44'),(6,'Mexican','Characterized by tacos, enchiladas, guacamole, and vibrant spices.','2024-11-23 12:53:44','2024-11-23 12:53:44'),(7,'Indian','Renowned for curries, naan, biryani, and the use of spices like turmeric and cumin.','2024-11-23 12:53:44','2024-11-23 12:53:44'),(8,'French','Famous for pastries, cheese, fine wines, and dishes like coq au vin.','2024-11-23 12:53:44','2024-11-23 12:53:44'),(9,'Chinese','Features diverse regional dishes like dumplings, stir-fries, and Peking duck.','2024-11-23 12:53:44','2024-11-23 12:53:44'),(10,'Greek','Known for olive oil, feta cheese, gyros, and Mediterranean flavors.','2024-11-23 12:53:44','2024-11-23 12:53:44'),(11,'Thai','Highlights include pad Thai, green curry, and the perfect balance of sweet, sour, salty, and spicy flavors.','2024-11-23 12:53:44','2024-11-23 12:53:44'),(12,'Spanish','Popular for paella, tapas, and cured meats like jamón ibérico.','2024-11-23 12:53:44','2024-11-23 12:53:44'),(13,'American','American cuisine blah blah blah','2024-11-23 12:53:44','2025-03-03 18:22:55'),(16,'Polish','Polish cuisine etc etc etc','2025-03-02 17:10:05','2025-03-02 17:10:05');
/*!40000 ALTER TABLE `cuisines` ENABLE KEYS */;
UNLOCK TABLES;

--
-- Table structure for table `ingredients`
--

DROP TABLE IF EXISTS `ingredients`;
/*!40101 SET @saved_cs_client     = @@character_set_client */;
/*!50503 SET character_set_client = utf8mb4 */;
CREATE TABLE `ingredients` (
  `id` int NOT NULL AUTO_INCREMENT,
  `name` varchar(255) NOT NULL,
  `type` varchar(100) DEFAULT NULL,
  `calories` int DEFAULT NULL,
  `unit` varchar(50) DEFAULT NULL,
  `created_at` timestamp NULL DEFAULT CURRENT_TIMESTAMP,
  `updated_at` timestamp NULL DEFAULT CURRENT_TIMESTAMP ON UPDATE CURRENT_TIMESTAMP,
  PRIMARY KEY (`id`),
  UNIQUE KEY `name` (`name`)
) ENGINE=InnoDB AUTO_INCREMENT=111 DEFAULT CHARSET=utf8mb4 COLLATE=utf8mb4_0900_ai_ci;
/*!40101 SET character_set_client = @saved_cs_client */;

--
-- Dumping data for table `ingredients`
--

LOCK TABLES `ingredients` WRITE;
/*!40000 ALTER TABLE `ingredients` DISABLE KEYS */;
INSERT INTO `ingredients` VALUES (8,'Carrot','Vegetable',41,'grams','2024-11-23 12:55:11','2024-11-23 12:55:11'),(9,'Potato','Vegetable',77,'grams','2024-11-23 12:55:11','2024-11-23 12:55:11'),(10,'Tomato','Vegetable',18,'grams','2024-11-23 12:55:11','2024-11-23 12:55:11'),(11,'Cucumber','Vegetable',15,'grams','2024-11-23 12:55:11','2024-11-23 12:55:11'),(12,'Broccoli','Vegetable',55,'grams','2024-11-23 12:55:11','2024-11-23 12:55:11'),(13,'Spinach','Vegetable',23,'grams','2024-11-23 12:55:11','2024-11-23 12:55:11'),(14,'Onion','Vegetable',40,'grams','2024-11-23 12:55:11','2024-11-23 12:55:11'),(15,'Garlic','Vegetable',149,'grams','2024-11-23 12:55:11','2024-11-23 12:55:11'),(16,'Bell Pepper','Vegetable',20,'grams','2024-11-23 12:55:11','2024-11-23 12:55:11'),(17,'Zucchini','Vegetable',17,'grams','2024-11-23 12:55:11','2024-11-23 12:55:11'),(18,'Apple','Fruit',52,'grams','2024-11-23 12:55:11','2024-11-23 12:55:11'),(19,'Banana','Fruit',89,'grams','2024-11-23 12:55:11','2024-11-23 12:55:11'),(20,'Orange','Fruit',47,'grams','2024-11-23 12:55:11','2024-11-23 12:55:11'),(21,'Strawberry','Fruit',33,'grams','2024-11-23 12:55:11','2024-11-23 12:55:11'),(22,'Pineapple','Fruit',50,'grams','2024-11-23 12:55:11','2024-11-23 12:55:11'),(23,'Mango','Fruit',60,'grams','2024-11-23 12:55:11','2024-11-23 12:55:11'),(24,'Grapes','Fruit',69,'grams','2024-11-23 12:55:11','2024-11-23 12:55:11'),(25,'Blueberry','Fruit',57,'grams','2024-11-23 12:55:11','2024-11-23 12:55:11'),(26,'Watermelon','Fruit',30,'grams','2024-11-23 12:55:11','2024-11-23 12:55:11'),(27,'Cherry','Fruit',50,'grams','2024-11-23 12:55:11','2024-11-23 12:55:11'),(28,'Chicken Breast','Protein',165,'grams','2024-11-23 12:55:11','2024-11-23 12:55:11'),(29,'Egg','Protein',155,'grams','2024-11-23 12:55:11','2024-11-23 12:55:11'),(30,'Beef','Protein',250,'grams','2024-11-23 12:55:11','2024-11-23 12:55:11'),(31,'Pork','Protein',242,'grams','2024-11-23 12:55:11','2024-11-23 12:55:11'),(32,'Tofu','Protein',76,'grams','2024-11-23 12:55:11','2024-11-23 12:55:11'),(33,'Salmon','Protein',208,'grams','2024-11-23 12:55:11','2024-11-23 12:55:11'),(34,'Shrimp','Protein',99,'grams','2024-11-23 12:55:11','2024-11-23 12:55:11'),(35,'Lentils','Protein',116,'grams','2024-11-23 12:55:11','2024-11-23 12:55:11'),(36,'Peanuts','Protein',567,'grams','2024-11-23 12:55:11','2024-11-23 12:55:11'),(37,'Almonds','Protein',579,'grams','2024-11-23 12:55:11','2024-11-23 12:55:11'),(38,'Milk','Dairy',42,'milliliters','2024-11-23 12:55:11','2024-11-23 12:55:11'),(39,'Cheddar Cheese','Dairy',403,'grams','2024-11-23 12:55:11','2024-11-23 12:55:11'),(40,'Butter','Dairy',717,'grams','2024-11-23 12:55:11','2024-11-23 12:55:11'),(41,'Yogurt','Dairy',59,'grams','2024-11-23 12:55:11','2024-11-23 12:55:11'),(42,'Cream','Dairy',292,'grams','2024-11-23 12:55:11','2024-11-23 12:55:11'),(43,'Mozzarella','Dairy',280,'grams','2024-11-23 12:55:11','2024-11-23 12:55:11'),(44,'Rice','Grain',130,'grams','2024-11-23 12:55:11','2024-11-23 12:55:11'),(45,'Wheat Flour','Grain',364,'grams','2024-11-23 12:55:11','2024-11-23 12:55:11'),(46,'Oats','Grain',389,'grams','2024-11-23 12:55:11','2024-11-23 12:55:11'),(47,'Quinoa','Grain',120,'grams','2024-11-23 12:55:11','2024-11-23 12:55:11'),(48,'Barley','Grain',354,'grams','2024-11-23 12:55:11','2024-11-23 12:55:11'),(49,'Corn','Grain',86,'grams','2024-11-23 12:55:11','2024-11-23 12:55:11'),(50,'Sugar','Condiment',387,'grams','2024-11-23 12:55:11','2024-11-23 12:55:11'),(51,'Salt','Condiment',0,'grams','2024-11-23 12:55:11','2024-11-23 12:55:11'),(52,'Soy Sauce','Condiment',53,'milliliters','2024-11-23 12:55:11','2024-11-23 12:55:11'),(53,'Ketchup','Condiment',112,'grams','2024-11-23 12:55:11','2024-11-23 12:55:11'),(54,'Mustard','Condiment',66,'grams','2024-11-23 12:55:11','2024-11-23 12:55:11'),(55,'Vinegar','Condiment',21,'milliliters','2024-11-23 12:55:11','2024-11-23 12:55:11'),(56,'Olive Oil','Oil',884,'milliliters','2024-11-23 12:55:11','2024-11-23 12:55:11'),(57,'Coconut Oil','Oil',862,'milliliters','2024-11-23 12:55:11','2024-11-23 12:55:11'),(58,'Sunflower Oil','Oil',884,'milliliters','2024-11-23 12:55:11','2024-11-23 12:55:11'),(78,'Pasta','Grain',131,'grams','2024-11-23 14:35:23','2024-11-23 14:35:23'),(79,'Ham','Meat',145,'grams','2024-11-23 14:35:23','2024-11-23 14:35:23'),(80,'Cheese','Dairy',402,'grams','2024-11-23 14:35:23','2024-11-23 14:35:23'),(81,'Pepper','Spice',0,'grams','2024-11-23 14:35:23','2024-11-23 14:35:23'),(82,'Spices','Spice',0,'grams','2024-11-23 14:35:23','2024-11-23 14:35:23'),(83,'Lettuce','Vegetable',15,'grams','2024-11-23 14:35:23','2024-11-23 14:35:23'),(84,'Croutons','Grain',407,'grams','2024-11-23 14:35:23','2024-11-23 14:35:23'),(85,'Chicken','Meat',239,'grams','2024-11-23 14:35:23','2024-11-23 14:35:23'),(86,'Tortilla','Grain',218,'pieces','2024-11-23 14:35:23','2024-11-23 14:35:23'),(87,'Mushroom','Vegetable',22,'grams','2024-11-23 14:35:23','2024-11-23 14:35:23'),(88,'Noodles','Grain',138,'grams','2024-11-23 14:35:23','2024-11-23 14:35:23'),(89,'Lime','Fruit',30,'pieces','2024-11-23 14:35:23','2024-11-23 14:35:23'),(90,'Fish sauce','Sauce',6,'tablespoons','2024-11-23 14:35:23','2024-11-23 14:35:23'),(91,'Chili','Spice',40,'grams','2024-11-23 14:35:23','2024-11-23 14:35:23'),(92,'Sausage','Meat',346,'grams','2024-11-23 14:35:23','2024-11-23 14:35:23'),(93,'Peas','Vegetable',81,'grams','2024-11-23 14:35:23','2024-11-23 14:35:23'),(94,'Duck','Meat',337,'grams','2024-11-23 14:35:23','2024-11-23 14:35:23'),(95,'Bacon','Meat',541,'grams','2024-11-23 14:35:23','2024-11-23 14:35:23'),(96,'Ladyfingers','Cookie',100,'grams','2024-11-23 15:32:33','2024-11-23 15:32:33'),(97,'Mascarpone cheese','Dairy',400,'grams','2024-11-23 15:32:33','2024-11-23 15:32:33'),(98,'Coffee','Beverage',3,'grams','2024-11-23 15:32:33','2025-03-03 18:08:52'),(99,'Cocoa powder','Powder',25,'grams','2024-11-23 15:32:33','2024-11-23 15:32:33'),(100,'Flour','Dry Ingredient',364,'grams','2024-11-23 15:45:26','2024-11-23 15:45:26'),(101,'Water','Beverage',1,'grams','2024-11-23 15:45:26','2024-11-23 15:45:26'),(102,'Miso','Condiment',200,'grams','2024-11-23 15:45:26','2024-11-23 15:45:26'),(103,'Seaweed','Vegetable',50,'grams','2024-11-23 15:45:26','2024-11-23 15:45:26'),(104,'Matcha Powder','Powder',40,'grams','2024-11-23 15:45:26','2024-11-23 15:45:26'),(105,'Honey','Sweetener',304,'grams','2024-11-23 15:45:26','2024-11-23 15:45:26'),(108,'Aperol','Beverage',165,'ml','2024-12-07 11:56:51','2024-12-07 11:56:51'),(109,'Prosecco','Beverage',85,'ml','2024-12-07 11:56:51','2024-12-07 11:56:51');
/*!40000 ALTER TABLE `ingredients` ENABLE KEYS */;
UNLOCK TABLES;

--
-- Table structure for table `password_reset_token`
--

DROP TABLE IF EXISTS `password_reset_token`;
/*!40101 SET @saved_cs_client     = @@character_set_client */;
/*!50503 SET character_set_client = utf8mb4 */;
CREATE TABLE `password_reset_token` (
  `id` int NOT NULL AUTO_INCREMENT,
  `token` varchar(255) NOT NULL,
  `expiration` datetime NOT NULL,
  `user_id` int DEFAULT NULL,
  PRIMARY KEY (`id`),
  KEY `user_id` (`user_id`),
  CONSTRAINT `password_reset_token_ibfk_1` FOREIGN KEY (`user_id`) REFERENCES `users` (`id`) ON DELETE CASCADE
) ENGINE=InnoDB AUTO_INCREMENT=14 DEFAULT CHARSET=utf8mb4 COLLATE=utf8mb4_0900_ai_ci;
/*!40101 SET character_set_client = @saved_cs_client */;

--
-- Dumping data for table `password_reset_token`
--

LOCK TABLES `password_reset_token` WRITE;
/*!40000 ALTER TABLE `password_reset_token` DISABLE KEYS */;
INSERT INTO `password_reset_token` VALUES (7,'dbb7534c-4f7d-47fc-801c-0714b2237382','2025-02-27 20:04:40',33),(10,'54af9f2e-57f3-446d-9832-f65234d921bb','2025-02-27 20:17:05',33),(12,'cc716f6e-7505-4fa2-8a6a-1b3876991158','2025-03-01 13:51:29',33);
/*!40000 ALTER TABLE `password_reset_token` ENABLE KEYS */;
UNLOCK TABLES;

--
-- Table structure for table `recipe_ingredient`
--

DROP TABLE IF EXISTS `recipe_ingredient`;
/*!40101 SET @saved_cs_client     = @@character_set_client */;
/*!50503 SET character_set_client = utf8mb4 */;
CREATE TABLE `recipe_ingredient` (
  `recipe_id` int NOT NULL,
  `ingredient_id` int NOT NULL,
  `quantity` decimal(10,2) DEFAULT NULL,
  `unit` varchar(50) DEFAULT NULL,
  PRIMARY KEY (`recipe_id`,`ingredient_id`),
  KEY `ingredient_id` (`ingredient_id`),
  CONSTRAINT `recipe_ingredient_ibfk_1` FOREIGN KEY (`recipe_id`) REFERENCES `recipes` (`id`) ON DELETE CASCADE,
  CONSTRAINT `recipe_ingredient_ibfk_2` FOREIGN KEY (`ingredient_id`) REFERENCES `ingredients` (`id`) ON DELETE CASCADE
) ENGINE=InnoDB DEFAULT CHARSET=utf8mb4 COLLATE=utf8mb4_0900_ai_ci;
/*!40101 SET character_set_client = @saved_cs_client */;

--
-- Dumping data for table `recipe_ingredient`
--

LOCK TABLES `recipe_ingredient` WRITE;
/*!40000 ALTER TABLE `recipe_ingredient` DISABLE KEYS */;
INSERT INTO `recipe_ingredient` VALUES (26,29,NULL,NULL),(26,39,NULL,NULL),(26,78,NULL,NULL),(26,79,NULL,NULL),(26,81,NULL,NULL),(27,10,NULL,NULL),(27,39,NULL,NULL),(27,42,NULL,NULL),(27,45,NULL,NULL),(27,56,NULL,NULL),(28,10,NULL,NULL),(28,43,NULL,NULL),(28,56,NULL,NULL),(28,81,NULL,NULL),(28,89,NULL,NULL),(29,28,NULL,NULL),(29,39,NULL,NULL),(29,42,NULL,NULL),(29,56,NULL,NULL),(29,78,NULL,NULL),(30,42,NULL,NULL),(30,44,NULL,NULL),(30,56,NULL,NULL),(30,81,NULL,NULL),(30,87,NULL,NULL),(31,10,NULL,NULL),(31,39,NULL,NULL),(31,43,NULL,NULL),(31,45,NULL,NULL),(31,56,NULL,NULL),(32,15,NULL,NULL),(32,43,NULL,NULL),(32,56,NULL,NULL),(32,78,NULL,NULL),(32,81,NULL,NULL),(33,13,NULL,NULL),(33,14,NULL,NULL),(33,28,NULL,NULL),(33,42,NULL,NULL),(33,93,NULL,NULL),(34,42,NULL,NULL),(34,50,NULL,NULL),(34,97,NULL,NULL),(34,98,NULL,NULL),(34,99,NULL,NULL),(35,13,NULL,NULL),(35,51,NULL,NULL),(35,56,NULL,NULL),(35,87,NULL,NULL),(35,100,NULL,NULL),(36,28,NULL,NULL),(36,44,NULL,NULL),(36,50,NULL,NULL),(36,52,NULL,NULL),(36,55,NULL,NULL),(36,56,NULL,NULL),(37,23,NULL,NULL),(37,45,NULL,NULL),(37,50,NULL,NULL),(38,10,NULL,NULL),(38,11,NULL,NULL),(38,51,NULL,NULL),(38,55,NULL,NULL),(39,13,NULL,NULL),(39,32,NULL,NULL),(39,51,NULL,NULL),(39,52,NULL,NULL),(39,101,NULL,NULL),(39,102,NULL,NULL),(40,29,NULL,NULL),(40,38,NULL,NULL),(40,44,NULL,NULL),(40,51,NULL,NULL),(41,9,NULL,NULL),(41,50,NULL,NULL),(41,51,NULL,NULL),(41,56,NULL,NULL),(42,50,NULL,NULL),(42,104,NULL,NULL),(42,105,NULL,NULL),(43,50,NULL,NULL),(43,52,NULL,NULL),(43,56,NULL,NULL),(43,105,NULL,NULL),(44,12,NULL,NULL),(44,15,NULL,NULL),(44,56,NULL,NULL),(44,81,NULL,NULL),(45,10,NULL,NULL),(45,14,NULL,NULL),(45,15,NULL,NULL),(45,16,NULL,NULL),(45,89,NULL,NULL),(46,14,NULL,NULL),(46,16,NULL,NULL),(46,28,NULL,NULL),(46,86,NULL,NULL),(46,89,NULL,NULL),(47,29,NULL,NULL),(47,40,NULL,NULL),(47,45,NULL,NULL),(47,50,NULL,NULL),(47,56,NULL,NULL),(48,10,NULL,NULL),(48,14,NULL,NULL),(48,16,NULL,NULL),(48,42,NULL,NULL),(48,49,NULL,NULL),(49,10,NULL,NULL),(49,14,NULL,NULL),(49,15,NULL,NULL),(49,49,NULL,NULL),(49,85,NULL,NULL),(50,10,NULL,NULL),(50,14,NULL,NULL),(50,16,NULL,NULL),(50,29,NULL,NULL),(50,86,NULL,NULL),(51,49,NULL,NULL),(51,50,NULL,NULL),(51,52,NULL,NULL),(51,56,NULL,NULL),(51,92,NULL,NULL),(52,38,NULL,NULL),(52,50,NULL,NULL),(52,56,NULL,NULL),(52,89,NULL,NULL),(52,97,NULL,NULL),(53,10,NULL,NULL),(53,14,NULL,NULL),(53,16,NULL,NULL),(53,89,NULL,NULL),(53,91,NULL,NULL),(54,10,NULL,NULL),(54,14,NULL,NULL),(54,15,NULL,NULL),(54,44,NULL,NULL),(54,49,NULL,NULL),(55,8,NULL,NULL),(55,10,NULL,NULL),(55,14,NULL,NULL),(55,16,NULL,NULL),(55,56,NULL,NULL),(56,10,NULL,NULL),(56,14,NULL,NULL),(56,28,NULL,NULL),(56,42,NULL,NULL),(56,92,NULL,NULL),(57,29,NULL,NULL),(57,40,NULL,NULL),(57,41,NULL,NULL),(57,45,NULL,NULL),(57,50,NULL,NULL),(58,11,NULL,NULL),(58,14,NULL,NULL),(58,56,NULL,NULL),(58,89,NULL,NULL),(58,91,NULL,NULL),(59,14,NULL,NULL),(59,15,NULL,NULL),(59,35,NULL,NULL),(59,56,NULL,NULL),(59,91,NULL,NULL),(60,8,NULL,NULL),(60,10,NULL,NULL),(60,14,NULL,NULL),(60,44,NULL,NULL),(60,50,NULL,NULL),(61,8,NULL,NULL),(61,16,NULL,NULL),(61,35,NULL,NULL),(61,45,NULL,NULL),(61,56,NULL,NULL),(62,50,NULL,NULL),(62,56,NULL,NULL),(62,89,NULL,NULL),(62,98,NULL,NULL),(62,99,NULL,NULL),(63,10,NULL,NULL),(63,50,NULL,NULL),(63,55,NULL,NULL),(63,56,NULL,NULL),(63,91,NULL,NULL),(64,8,NULL,NULL),(64,10,NULL,NULL),(64,14,NULL,NULL),(64,35,NULL,NULL),(64,44,NULL,NULL),(65,10,NULL,NULL),(65,14,NULL,NULL),(65,16,NULL,NULL),(65,17,NULL,NULL),(65,56,NULL,NULL),(66,10,NULL,NULL),(66,14,NULL,NULL),(66,28,NULL,NULL),(66,50,NULL,NULL),(66,56,NULL,NULL),(67,29,NULL,NULL),(67,38,NULL,NULL),(67,40,NULL,NULL),(67,45,NULL,NULL),(67,50,NULL,NULL),(68,12,NULL,NULL),(68,14,NULL,NULL),(68,16,NULL,NULL),(68,50,NULL,NULL),(68,56,NULL,NULL),(69,14,NULL,NULL),(69,38,NULL,NULL),(69,44,NULL,NULL),(69,50,NULL,NULL),(69,56,NULL,NULL),(70,29,NULL,NULL),(70,38,NULL,NULL),(70,40,NULL,NULL),(70,45,NULL,NULL),(70,50,NULL,NULL),(71,29,NULL,NULL),(71,38,NULL,NULL),(71,40,NULL,NULL),(71,45,NULL,NULL),(71,56,NULL,NULL),(72,38,NULL,NULL),(72,98,NULL,NULL),(73,38,NULL,NULL),(73,40,NULL,NULL),(73,50,NULL,NULL),(74,9,NULL,NULL),(74,10,NULL,NULL),(74,18,NULL,NULL),(74,56,NULL,NULL),(75,14,NULL,NULL),(75,16,NULL,NULL),(75,28,NULL,NULL),(75,56,NULL,NULL),(75,92,NULL,NULL),(76,10,NULL,NULL),(76,28,NULL,NULL),(76,50,NULL,NULL),(76,56,NULL,NULL),(76,89,NULL,NULL),(77,38,NULL,NULL),(77,45,NULL,NULL),(77,50,NULL,NULL),(77,56,NULL,NULL),(77,92,NULL,NULL),(78,11,NULL,NULL),(78,14,NULL,NULL),(78,50,NULL,NULL),(78,56,NULL,NULL),(78,92,NULL,NULL),(79,10,NULL,NULL),(79,14,NULL,NULL),(79,28,NULL,NULL),(79,56,NULL,NULL),(79,92,NULL,NULL),(80,14,NULL,NULL),(80,28,NULL,NULL),(80,40,NULL,NULL),(80,45,NULL,NULL),(80,56,NULL,NULL),(81,14,NULL,NULL),(81,28,NULL,NULL),(81,38,NULL,NULL),(81,56,NULL,NULL),(81,92,NULL,NULL),(82,38,NULL,NULL),(82,98,NULL,NULL),(83,14,NULL,NULL),(83,40,NULL,NULL),(83,52,NULL,NULL),(83,56,NULL,NULL),(83,92,NULL,NULL),(84,14,NULL,NULL),(84,28,NULL,NULL),(84,44,NULL,NULL),(84,56,NULL,NULL),(84,92,NULL,NULL),(85,14,NULL,NULL),(85,40,NULL,NULL),(85,41,NULL,NULL),(85,56,NULL,NULL),(85,89,NULL,NULL),(86,28,NULL,NULL),(86,41,NULL,NULL),(86,56,NULL,NULL),(86,89,NULL,NULL),(86,92,NULL,NULL),(87,37,NULL,NULL),(87,45,NULL,NULL),(87,50,NULL,NULL),(87,56,NULL,NULL),(87,99,NULL,NULL),(88,14,NULL,NULL),(88,16,NULL,NULL),(88,39,NULL,NULL),(88,56,NULL,NULL),(88,83,NULL,NULL),(89,14,NULL,NULL),(89,35,NULL,NULL),(89,55,NULL,NULL),(89,56,NULL,NULL),(89,92,NULL,NULL),(90,37,NULL,NULL),(90,41,NULL,NULL),(90,50,NULL,NULL),(90,99,NULL,NULL),(90,105,NULL,NULL),(91,13,NULL,NULL),(91,28,NULL,NULL),(91,39,NULL,NULL),(91,45,NULL,NULL),(91,56,NULL,NULL),(92,50,NULL,NULL),(92,56,NULL,NULL),(92,98,NULL,NULL),(93,14,NULL,NULL),(93,41,NULL,NULL),(93,56,NULL,NULL),(93,89,NULL,NULL),(93,92,NULL,NULL),(94,9,NULL,NULL),(94,39,NULL,NULL),(94,55,NULL,NULL),(94,56,NULL,NULL),(94,92,NULL,NULL),(95,14,NULL,NULL),(95,16,NULL,NULL),(95,45,NULL,NULL),(95,92,NULL,NULL),(95,99,NULL,NULL),(96,28,NULL,NULL),(96,46,NULL,NULL),(96,50,NULL,NULL),(96,89,NULL,NULL),(96,99,NULL,NULL),(97,14,NULL,NULL),(97,28,NULL,NULL),(97,56,NULL,NULL),(97,92,NULL,NULL),(97,99,NULL,NULL),(98,14,NULL,NULL),(98,16,NULL,NULL),(98,56,NULL,NULL),(98,89,NULL,NULL),(98,92,NULL,NULL),(99,37,NULL,NULL),(99,50,NULL,NULL),(99,56,NULL,NULL),(99,89,NULL,NULL),(99,99,NULL,NULL),(100,28,NULL,NULL),(100,50,NULL,NULL),(100,56,NULL,NULL),(100,89,NULL,NULL),(100,99,NULL,NULL),(101,14,NULL,NULL),(101,28,NULL,NULL),(101,46,NULL,NULL),(101,50,NULL,NULL),(101,92,NULL,NULL),(102,50,NULL,NULL),(102,56,NULL,NULL),(102,89,NULL,NULL),(102,99,NULL,NULL),(103,37,NULL,NULL),(103,50,NULL,NULL),(103,56,NULL,NULL),(103,92,NULL,NULL),(103,99,NULL,NULL),(104,37,NULL,NULL),(104,46,NULL,NULL),(104,50,NULL,NULL),(104,56,NULL,NULL),(104,99,NULL,NULL),(105,14,NULL,NULL),(105,16,NULL,NULL),(105,56,NULL,NULL),(105,92,NULL,NULL),(105,99,NULL,NULL),(106,28,NULL,NULL),(106,46,NULL,NULL),(106,56,NULL,NULL),(106,92,NULL,NULL),(106,99,NULL,NULL),(107,14,NULL,NULL),(107,16,NULL,NULL),(107,45,NULL,NULL),(107,50,NULL,NULL),(107,92,NULL,NULL),(108,14,NULL,NULL),(108,16,NULL,NULL),(108,56,NULL,NULL),(108,92,NULL,NULL),(108,99,NULL,NULL),(109,45,NULL,NULL),(109,50,NULL,NULL),(109,56,NULL,NULL),(109,92,NULL,NULL),(109,99,NULL,NULL),(110,14,NULL,NULL),(110,28,NULL,NULL),(110,50,NULL,NULL),(110,56,NULL,NULL),(110,92,NULL,NULL),(111,14,NULL,NULL),(111,16,NULL,NULL),(111,45,NULL,NULL),(111,56,NULL,NULL),(111,92,NULL,NULL),(112,45,NULL,NULL),(112,50,NULL,NULL),(112,56,NULL,NULL),(112,92,NULL,NULL),(112,99,NULL,NULL),(113,14,NULL,NULL),(113,50,NULL,NULL),(113,56,NULL,NULL),(113,92,NULL,NULL),(113,99,NULL,NULL),(114,14,NULL,NULL),(114,50,NULL,NULL),(114,56,NULL,NULL),(114,92,NULL,NULL),(114,99,NULL,NULL),(115,28,NULL,NULL),(115,50,NULL,NULL),(115,56,NULL,NULL),(115,92,NULL,NULL),(115,99,NULL,NULL),(116,14,NULL,NULL),(116,28,NULL,NULL),(116,56,NULL,NULL),(116,92,NULL,NULL),(116,99,NULL,NULL),(117,14,NULL,NULL),(117,45,NULL,NULL),(117,50,NULL,NULL),(117,56,NULL,NULL),(117,92,NULL,NULL),(118,14,NULL,NULL),(118,16,NULL,NULL),(118,45,NULL,NULL),(118,56,NULL,NULL),(118,92,NULL,NULL),(119,45,NULL,NULL),(119,50,NULL,NULL),(119,56,NULL,NULL),(119,92,NULL,NULL),(119,99,NULL,NULL),(120,14,NULL,NULL),(120,45,NULL,NULL),(120,56,NULL,NULL),(120,92,NULL,NULL),(120,99,NULL,NULL),(121,45,NULL,NULL),(121,50,NULL,NULL),(121,56,NULL,NULL),(121,92,NULL,NULL),(121,99,NULL,NULL),(122,14,NULL,NULL),(122,50,NULL,NULL),(122,56,NULL,NULL),(122,92,NULL,NULL),(122,99,NULL,NULL),(123,14,NULL,NULL),(123,45,NULL,NULL),(123,50,NULL,NULL),(123,56,NULL,NULL),(123,92,NULL,NULL),(124,108,NULL,NULL),(124,109,NULL,NULL),(126,109,NULL,NULL),(129,109,NULL,NULL);
/*!40000 ALTER TABLE `recipe_ingredient` ENABLE KEYS */;
UNLOCK TABLES;

--
-- Table structure for table `recipes`
--

DROP TABLE IF EXISTS `recipes`;
/*!40101 SET @saved_cs_client     = @@character_set_client */;
/*!50503 SET character_set_client = utf8mb4 */;
CREATE TABLE `recipes` (
  `id` int NOT NULL AUTO_INCREMENT,
  `title` varchar(255) NOT NULL,
  `ingredients` text,
  `instructions` text NOT NULL,
  `description` text,
  `image` varchar(255) DEFAULT NULL,
  `author_id` int NOT NULL,
  `prep_time` int DEFAULT NULL,
  `cook_time` int DEFAULT NULL,
  `servings` int DEFAULT NULL,
  `category` varchar(100) DEFAULT NULL,
  `created_at` timestamp NULL DEFAULT CURRENT_TIMESTAMP,
  `updated_at` timestamp NULL DEFAULT CURRENT_TIMESTAMP ON UPDATE CURRENT_TIMESTAMP,
  `type_id` int DEFAULT NULL,
  `cuisine_id` int DEFAULT NULL,
  PRIMARY KEY (`id`),
  KEY `author_id` (`author_id`),
  KEY `type_id` (`type_id`),
  KEY `fk_cuisine` (`cuisine_id`),
  CONSTRAINT `fk_cuisine` FOREIGN KEY (`cuisine_id`) REFERENCES `cuisines` (`id`),
  CONSTRAINT `recipes_ibfk_1` FOREIGN KEY (`author_id`) REFERENCES `users` (`id`),
  CONSTRAINT `recipes_ibfk_2` FOREIGN KEY (`type_id`) REFERENCES `types` (`id`) ON DELETE SET NULL
) ENGINE=InnoDB AUTO_INCREMENT=130 DEFAULT CHARSET=utf8mb4 COLLATE=utf8mb4_0900_ai_ci;
/*!40101 SET character_set_client = @saved_cs_client */;

--
-- Dumping data for table `recipes`
--

LOCK TABLES `recipes` WRITE;
/*!40000 ALTER TABLE `recipes` DISABLE KEYS */;
INSERT INTO `recipes` VALUES (26,'Spaghetti Carbonara',NULL,'Cook the pasta. In a pan, heat oil and cook ham until crispy. Mix with egg and cheese mixture. Serve.','A classic Italian pasta dish made with eggs, cheese, pancetta, and pepper.','https://res.cloudinary.com/cookio/image/upload/spaghetti_carbonara.jpg',27,15,30,4,'Main Course','2024-11-23 15:12:08','2024-12-07 09:38:07',5,4),(27,'Margherita Pizza',NULL,'Prepare dough with flour and water. Spread tomato sauce and top with mozzarella. Bake at 220°C for 15 minutes.','A traditional pizza topped with tomatoes, mozzarella, and basil.','https://res.cloudinary.com/cookio/image/upload/margherita_pizza.jpg',27,20,15,4,'Main Course','2024-11-23 15:21:39','2024-12-07 09:38:07',5,4),(28,'Caprese Salad',NULL,'Slice tomatoes and mozzarella. Arrange on a plate with basil leaves. Drizzle with olive oil and lime juice.','A fresh and simple Italian salad with tomatoes, mozzarella, and basil.','https://res.cloudinary.com/cookio/image/upload/caprese_salad.jpg',27,10,0,2,'Appetizer','2024-11-23 15:23:53','2024-12-07 09:38:07',7,4),(29,'Chicken Alfredo',NULL,'Cook pasta. In a pan, cook chicken with olive oil. Add cream and cheese to create a sauce. Combine with pasta.','A creamy pasta dish with tender chicken and rich Alfredo sauce.','https://res.cloudinary.com/cookio/image/upload/chicken_alfredo.jpg',27,20,25,4,'Main Course','2024-11-23 15:24:44','2024-12-07 09:38:07',5,4),(30,'Mushroom Risotto',NULL,'Cook rice in broth. Sauté mushrooms with olive oil and spices. Combine and stir until creamy.','A hearty Italian rice dish with mushrooms and creamy texture.','https://res.cloudinary.com/cookio/image/upload/mushroom_risotto.jpg',27,15,35,4,'Main Course','2024-11-23 15:25:09','2024-12-07 09:38:07',5,4),(31,'Eggplant Parmesan',NULL,'Slice eggplant, coat in flour, and fry. Layer with cheese and tomato sauce. Bake until golden.','A baked Italian dish with layers of eggplant, cheese, and tomato sauce.','https://res.cloudinary.com/cookio/image/upload/eggplant_parmesan.jpg',27,25,40,4,'Main Course','2024-11-23 15:25:33','2024-12-07 09:38:07',5,4),(32,'Pesto Pasta',NULL,'Cook pasta. Blend basil, garlic, and olive oil to make pesto. Mix with pasta and serve.','A flavorful pasta dish with a fresh basil pesto sauce.','https://res.cloudinary.com/cookio/image/upload/pesto_pasta.jpg',27,10,15,4,'Main Course','2024-11-23 15:25:39','2024-12-07 09:38:07',5,4),(33,'Italian Wedding Soup',NULL,'Cook chicken broth. Add vegetables and meatballs. Simmer until vegetables are tender.','A comforting soup with chicken, vegetables, and meatballs.','https://res.cloudinary.com/cookio/image/upload/italian_wedding_soup.jpg',27,20,40,6,'Soup','2024-11-23 15:26:06','2024-12-07 09:38:07',8,4),(34,'Tiramisu',NULL,'Layer coffee-soaked ladyfingers with a mascarpone mixture. Dust with cocoa powder. Refrigerate and serve.','A classic Italian dessert with layers of coffee-soaked cookies and creamy filling.','https://res.cloudinary.com/cookio/image/upload/tiramisu.jpg',27,30,0,6,'Dessert','2024-11-23 15:33:06','2024-12-07 09:38:07',6,4),(35,'Spinach and Mushroom Gyoza',NULL,'Sauté mushrooms and spinach with soy sauce and garlic. Fill gyoza wrappers with the mixture and steam or pan-fry until golden.','A savory Japanese dumpling filled with spinach, mushrooms, and a dash of soy sauce.','https://res.cloudinary.com/cookio/image/upload/spinach_and_mushroom_gyoza.jpg',27,15,10,2,'Appetizer','2024-11-23 15:46:42','2024-12-07 09:38:07',4,5),(36,'Chicken Teriyaki',NULL,'Grill or pan-fry chicken breast. Make a sauce by combining soy sauce, sugar, and vinegar. Pour the sauce over the chicken and serve with rice.','A flavorful grilled chicken dish coated with sweet and savory teriyaki sauce.','https://res.cloudinary.com/cookio/image/upload/chicken_teriyaki.jpg',27,10,15,3,'Main Course','2024-11-23 15:47:47','2024-12-07 09:38:07',5,5),(37,'Mango Mochi',NULL,'Prepare a sweet rice dough and mold it into small balls. Wrap them around a small piece of mango.','Chewy rice dough with a sweet, tropical mango filling.','https://res.cloudinary.com/cookio/image/upload/mango_mochi.jpg',27,15,10,6,'Dessert','2024-11-23 15:48:20','2024-12-07 09:38:07',6,5),(38,'Cucumber and Tomato Sunomono',NULL,'Slice cucumber and tomato thinly. Toss with vinegar, sugar, and a pinch of salt. Let it sit for 15 minutes.','A tangy and refreshing cucumber and tomato salad marinated in a sweet vinegar dressing.','https://res.cloudinary.com/cookio/image/upload/cucumber_and_tomato_sunomono.jpg',27,10,0,2,'Salad','2024-11-23 15:49:32','2024-12-07 09:38:07',7,5),(39,'Miso Soup with Tofu and Seaweed',NULL,'Prepare miso broth and add cubes of tofu, spinach, and a handful of seaweed. Let simmer for 5 minutes.','A warm and comforting soup made with miso paste, tofu, and seaweed.','https://res.cloudinary.com/cookio/image/upload/miso_soup_with_tofu_and_seaweed.jpg',27,10,10,4,'Soup','2024-11-23 15:50:44','2024-12-07 09:38:07',8,5),(40,'Tamago Sushi',NULL,'Make a sweet omelette with egg and soy sauce. Serve on top of a small ball of sushi rice.','A sushi dish topped with a slice of sweet, Japanese omelette.','https://res.cloudinary.com/cookio/image/upload/tamago_sushi.jpg',27,10,10,2,'Breakfast','2024-11-23 15:52:11','2024-12-07 09:38:07',9,5),(41,'Japanese Sweet Potato Chips',NULL,'Thinly slice sweet potatoes and fry in oil until crispy. Sprinkle with salt.','Crispy and delicious chips made from sweet potatoes.','https://res.cloudinary.com/cookio/image/upload/japanese_sweet_potato_chips.jpg',27,5,15,4,'Snack','2024-11-23 15:52:55','2024-12-07 09:38:07',10,5),(42,'Iced Matcha Latte',NULL,'Mix matcha powder with cold milk and ice. Sweeten with sugar or honey if desired.','A cool and refreshing matcha latte, perfect for hot days.','https://res.cloudinary.com/cookio/image/upload/iced_matcha_latte.jpg',27,5,0,1,'Beverage','2024-11-23 15:53:50','2024-12-07 09:38:07',11,5),(43,'Soy Sauce and Honey Glaze',NULL,'Combine soy sauce and honey in a pan and simmer until thickened.','A sweet and savory glaze perfect for grilled meats or vegetables.','https://res.cloudinary.com/cookio/image/upload/soy_sauce_and_honey_glaze.jpg',27,5,5,4,'Sauce','2024-11-23 15:55:37','2024-12-07 09:38:07',12,5),(44,'Sautéed Broccoli with Garlic',NULL,'Sauté garlic in olive oil, add broccoli, and cook until tender. Season with salt and pepper.','A simple and healthy side dish with sautéed broccoli and garlic.','https://res.cloudinary.com/cookio/image/upload/sautéed_broccoli_with_garlic.jpg',27,5,10,2,'Side Dish','2024-11-23 16:00:20','2024-12-07 09:38:07',13,5),(45,'Guacamole',NULL,'Mash ripe avocados with finely chopped onions, tomatoes, garlic, and bell peppers. Squeeze in lime juice, and mix well.','A fresh and zesty dip made with mashed avocados, perfect for pairing with tortilla chips.','https://res.cloudinary.com/cookio/image/upload/guacamole.jpg',27,15,0,4,'Appetizer','2024-11-23 16:05:06','2024-12-07 09:38:07',4,6),(46,'Chicken Fajitas',NULL,'Cook chicken breast with sliced bell peppers and onions in a skillet. Serve with tortillas and a squeeze of lime.','Sizzling chicken fajitas served with soft tortillas, peppers, and a squeeze of fresh lime.','https://res.cloudinary.com/cookio/image/upload/chicken_fajitas.jpg',27,20,15,4,'Main Course','2024-11-23 16:05:35','2024-12-07 09:38:07',5,6),(47,'Churros',NULL,'Make dough with flour, sugar, butter, eggs, and a little oil. Pipe dough into strips and fry until golden. Coat with sugar and cinnamon.','Golden and crispy fried dough sticks coated in sugar and cinnamon.','https://res.cloudinary.com/cookio/image/upload/churros.jpg',27,25,10,4,'Dessert','2024-11-23 16:06:13','2024-12-07 09:38:07',6,6),(48,'Mexican Street Corn Salad',NULL,'Grill or cook corn, then mix with chopped bell pepper, onion, and tomato. Add cream and season with chili powder, salt, and pepper.','A creamy and spicy salad made with corn, bell peppers, and a touch of heat.','https://res.cloudinary.com/cookio/image/upload/mexican_street_corn_salad.jpg',27,15,10,4,'Salad','2024-11-23 16:06:39','2024-12-07 09:38:07',7,6),(49,'Mexican Tortilla Soup',NULL,'Simmer tomatoes, onions, garlic, and chicken to create a flavorful broth. Add crispy tortilla strips and corn for texture.','A flavorful soup made with tomatoes, chicken, corn, and crispy tortilla strips.','https://res.cloudinary.com/cookio/image/upload/mexican_tortilla_soup.jpg',27,15,30,4,'Soup','2024-11-23 16:06:56','2024-12-07 09:38:07',8,6),(50,'Huevos Rancheros',NULL,'Fry eggs and serve on a tortilla topped with a salsa made from tomatoes, onions, and bell peppers.','Classic Mexican breakfast dish with eggs and a fresh tomato salsa.','https://res.cloudinary.com/cookio/image/upload/huevos_rancheros.jpg',27,10,15,2,'Breakfast','2024-11-23 16:07:19','2024-12-07 09:38:07',9,6),(51,'Mexican Elote',NULL,'Grill corn on the cob and brush with soy sauce, sugar, and olive oil. Serve with grilled sausage for a savory snack.','Grilled corn on the cob served with a savory soy-based sauce and sausage.','https://res.cloudinary.com/cookio/image/upload/mexican_elote.jpg',27,15,10,4,'Snack','2024-11-23 16:07:40','2024-12-07 09:38:07',10,6),(52,'Horchata',NULL,'Blend rice with water, sugar, and milk. Add lime juice and a touch of vanilla for flavor. Chill and serve cold.','A refreshing Mexican beverage made from rice, milk, and a touch of sweetness.','https://res.cloudinary.com/cookio/image/upload/horchata.jpg',27,10,0,4,'Beverage','2024-11-23 16:08:13','2024-12-07 09:38:07',11,6),(53,'Salsa Verde',NULL,'Blend roasted tomatoes, chili, onion, and lime juice to make a fresh, spicy salsa.','A fresh and spicy green salsa made with roasted tomatoes, chili, and lime.','https://res.cloudinary.com/cookio/image/upload/salsa_verde.jpg',27,10,0,4,'Sauce','2024-11-23 16:08:25','2024-12-07 09:38:07',12,6),(54,'Mexican Rice',NULL,'Cook rice with diced tomatoes, onions, garlic, and corn for a flavorful side dish.','A flavorful Mexican rice made with tomatoes, garlic, onions, and corn.','https://res.cloudinary.com/cookio/image/upload/mexican_rice.jpg',27,10,20,4,'Side Dish','2024-11-23 16:08:35','2024-12-07 09:38:07',13,6),(55,'Vegetable Pakora',NULL,'Chop vegetables and mix them with chickpea flour, spices, and a little water to form a batter. Fry spoonfuls of the batter in hot oil until golden brown.','Crispy and savory fried fritters made with a mix of vegetables and chickpea flour.','https://res.cloudinary.com/cookio/image/upload/vegetable_pakora.jpg',27,20,10,4,'Appetizer','2024-11-23 16:09:56','2024-12-07 09:38:07',4,7),(56,'Chicken Tikka Masala',NULL,'Marinate chicken in yogurt and spices, then cook in a creamy tomato sauce with onions and spices.','Tender chicken pieces in a rich and flavorful tomato-based sauce with cream and aromatic spices.','https://res.cloudinary.com/cookio/image/upload/chicken_tikka_masala.jpg',27,30,40,4,'Main Course','2024-11-23 16:10:20','2024-12-07 09:38:07',5,7),(57,'Gulab Jamun',NULL,'Make dough with flour, butter, yogurt, and egg. Shape into balls and fry. Soak the fried balls in a sweet syrup made from sugar and water.','Sweet and soft fried dough balls soaked in sugar syrup, a popular Indian dessert.','https://res.cloudinary.com/cookio/image/upload/gulab_jamun.jpg',27,20,30,4,'Dessert','2024-11-23 16:10:43','2024-12-07 09:38:07',6,7),(58,'Indian Cucumber Salad',NULL,'Slice cucumber and onion, then toss with lime juice, chili powder, and olive oil.','A refreshing salad made with cucumber and onion, flavored with lime and chili.','https://res.cloudinary.com/cookio/image/upload/indian_cucumber_salad.jpg',27,10,0,4,'Salad','2024-11-23 16:10:52','2024-12-07 09:38:07',7,7),(59,'Lentil Soup (Dal)',NULL,'Cook lentils with onions, garlic, and spices. Add water to achieve desired consistency and cook until lentils are soft.','A hearty and comforting soup made with lentils and aromatic spices.','https://res.cloudinary.com/cookio/image/upload/lentil_soup_(dal).jpg',27,15,30,4,'Soup','2024-11-23 16:11:10','2024-12-07 09:38:07',8,7),(60,'Aloo Paratha',NULL,'Make dough with flour and water. Stuff with spiced mashed potatoes and roll out into flatbreads. Cook on a griddle with a little oil.','A traditional stuffed flatbread made with spiced potatoes, perfect for breakfast.','https://res.cloudinary.com/cookio/image/upload/aloo_paratha.jpg',27,25,15,4,'Breakfast','2024-11-23 16:11:33','2024-12-07 09:38:07',9,7),(61,'Samosa',NULL,'Make a filling with spiced lentils, carrots, and bell peppers. Stuff into pastry wrappers made from flour and fry until golden brown.','Crispy, savory pastry pockets filled with spiced lentils and vegetables.','https://res.cloudinary.com/cookio/image/upload/samosa.jpg',27,30,15,4,'Snack','2024-11-23 16:13:14','2024-12-07 09:38:07',10,7),(62,'Masala Chai',NULL,'Brew tea with spices like cinnamon, cardamom, and cloves. Add sugar and milk, and serve hot.','A spiced Indian tea brewed with aromatic spices and served with milk.','https://res.cloudinary.com/cookio/image/upload/masala_chai.jpg',27,5,10,4,'Beverage','2024-11-23 16:13:38','2024-12-07 09:38:07',11,7),(63,'Tamarind Chutney',NULL,'Cook tamarind, sugar, tomatoes, chili, and vinegar to make a thick chutney. Serve as a dip or topping.','A tangy and sweet chutney made with tamarind, sugar, and spices.','https://res.cloudinary.com/cookio/image/upload/tamarind_chutney.jpg',27,10,20,4,'Sauce','2024-11-23 16:13:53','2024-12-07 09:38:07',12,7),(64,'Vegetable Biryani',NULL,'Cook rice with mixed vegetables, lentils, and biryani spices. Layer with fried onions and serve.','A flavorful rice dish made with vegetables, lentils, and aromatic biryani spices.','https://res.cloudinary.com/cookio/image/upload/vegetable_biryani.jpg',27,20,40,4,'Side Dish','2024-11-23 16:14:06','2024-12-07 09:38:07',13,7),(65,'Ratatouille',NULL,'Sauté chopped onions and bell peppers in olive oil. Add diced zucchini, tomatoes, and spices, then cook until tender.','A classic French vegetable dish made with a medley of seasonal vegetables in a flavorful tomato-based sauce.','https://res.cloudinary.com/cookio/image/upload/ratatouille.jpg',27,15,30,4,'Appetizer','2024-11-23 16:22:00','2024-12-07 09:38:07',4,8),(66,'Coq au Vin',NULL,'Brown chicken pieces in olive oil, then cook with onions, tomatoes, wine, and herbs until tender.','A rich and savory French dish made with chicken cooked in red wine, mushrooms, and herbs.','https://res.cloudinary.com/cookio/image/upload/coq_au_vin.jpg',27,20,40,4,'Main Course','2024-11-23 16:22:26','2024-12-07 09:38:07',5,8),(67,'Crêpes',NULL,'Make a thin batter by mixing flour, eggs, sugar, butter, and milk. Cook the batter in a hot pan to make thin crêpes.','Thin and soft French pancakes that can be filled with a variety of sweet or savory fillings.','https://res.cloudinary.com/cookio/image/upload/crêpes.jpg',27,15,10,4,'Dessert','2024-11-23 16:22:44','2024-12-07 09:38:07',6,8),(68,'French Green Bean Salad',NULL,'Blanch the green beans and combine with chopped bell peppers, onions, and olive oil for a refreshing salad.','A simple, healthy French salad made with blanched green beans, bell peppers, and a light vinaigrette.','https://res.cloudinary.com/cookio/image/upload/french_green_bean_salad.jpg',27,15,10,4,'Salad','2024-11-23 16:22:49','2024-12-07 09:38:07',7,8),(69,'French Onion Soup',NULL,'Caramelize onions in olive oil, then add broth and cook until rich. Top with toasted bread and melted cheese.','A comforting and savory French soup made with caramelized onions and topped with melted cheese and croutons.','https://res.cloudinary.com/cookio/image/upload/french_onion_soup.jpg',27,20,40,4,'Soup','2024-11-23 16:22:57','2024-12-07 09:38:07',8,8),(70,'Croissants',NULL,'Prepare the dough by combining flour, butter, sugar, milk, and eggs. Roll and fold the dough several times before baking.','Buttery, flaky French pastries that are perfect for breakfast or as a snack.','https://res.cloudinary.com/cookio/image/upload/croissants.jpg',27,30,25,4,'Breakfast','2024-11-23 16:23:01','2024-12-07 09:38:07',9,8),(71,'Gougères',NULL,'Prepare choux pastry, then mix in cheese and bake until golden and puffed.','Savory French cheese puffs made with choux pastry, perfect for a snack or appetizer.','https://res.cloudinary.com/cookio/image/upload/gougères.jpg',27,20,20,4,'Snack','2024-11-23 16:23:41','2024-12-07 09:38:07',10,8),(72,'Café au Lait',NULL,'Brew strong coffee and mix with hot milk to create a rich and smooth beverage.','A classic French coffee drink made with equal parts coffee and steamed milk.','https://res.cloudinary.com/cookio/image/upload/café_au_lait.jpg',27,5,5,4,'Beverage','2024-11-23 16:24:01','2024-12-07 09:38:07',11,8),(73,'Hollandaise Sauce',NULL,'Whisk together egg yolks and melted butter, then add lemon juice and season with salt and pepper.','A rich and creamy sauce made with butter, egg yolks, and lemon juice, often served with eggs or vegetables.','https://res.cloudinary.com/cookio/image/upload/hollandaise_sauce.jpg',27,10,5,4,'Sauce','2024-11-23 16:24:08','2024-12-07 09:38:07',12,8),(74,'Pommes Frites',NULL,'Cut potatoes into thin strips, fry in olive oil until crispy, and season with salt.','Classic French fries, crispy on the outside and soft on the inside, often served as a side dish.','https://res.cloudinary.com/cookio/image/upload/pommes_frites.jpg',27,10,20,4,'Side Dish','2024-11-23 16:24:18','2024-12-07 09:38:07',13,8),(75,'Spring Rolls',NULL,'Sauté chicken, bell pepper, and onion in olive oil. Wrap the filling in a spring roll wrapper and fry until crispy.','Crispy fried rolls filled with a savory mixture of chicken, bell peppers, and sausage.','https://res.cloudinary.com/cookio/image/upload/spring_rolls.jpg',27,15,10,4,'Appetizer','2024-11-23 16:28:12','2024-12-07 09:38:07',4,9),(76,'Sweet and Sour Chicken',NULL,'Fry chicken pieces until crispy, then toss with a sweet and sour sauce made from sugar, tomatoes, and lime juice.','A flavorful Chinese dish with crispy chicken coated in a tangy, sweet sauce.','https://res.cloudinary.com/cookio/image/upload/sweet_and_sour_chicken.jpg',27,20,15,4,'Main Course','2024-11-23 16:28:20','2024-12-07 09:38:07',5,9),(77,'Sesame Balls (Jian Dui)',NULL,'Prepare dough with flour, sugar, and cheese. Form balls and fry until golden, then coat with sesame seeds.','Chinese dessert made from sweet dough filled with a paste and fried until crispy, coated with sesame seeds.','https://res.cloudinary.com/cookio/image/upload/sesame_balls_(jian_dui).jpg',27,20,15,4,'Dessert','2024-11-23 16:28:47','2024-12-07 09:38:07',6,9),(78,'Chinese Cucumber Salad',NULL,'Slice cucumbers and onions, then toss with olive oil, sugar, and vinegar to make a refreshing salad.','A light and refreshing salad made with cucumbers, onions, and a sweet-savory dressing.','https://res.cloudinary.com/cookio/image/upload/chinese_cucumber_salad.jpg',27,10,5,4,'Salad','2024-11-23 16:29:13','2024-12-07 09:38:07',7,9),(79,'Hot and Sour Soup',NULL,'Combine chicken, onions, tomatoes, and sausage in broth. Add spices and vinegar for a hot and sour flavor.','A flavorful and spicy soup with a combination of hot and sour tastes, commonly served in Chinese cuisine.','https://res.cloudinary.com/cookio/image/upload/hot_and_sour_soup.jpg',27,15,20,4,'Soup','2024-11-23 16:29:22','2024-12-07 09:38:07',8,9),(80,'Chinese Scallion Pancakes',NULL,'Make dough with flour and water, then roll out and add chopped scallions before frying until crispy.','Crispy, flaky pancakes with a savory scallion filling, perfect for breakfast or a snack.','https://res.cloudinary.com/cookio/image/upload/chinese_scallion_pancakes.jpg',27,20,15,4,'Breakfast','2024-11-23 16:29:40','2024-12-07 09:38:07',9,9),(81,'Dim Sum',NULL,'Prepare fillings with chicken, sausage, onions, and cheese. Wrap them in small dough pockets and steam.','Chinese bite-sized dumplings filled with savory fillings, perfect for snacking or as an appetizer.','https://res.cloudinary.com/cookio/image/upload/dim_sum.jpg',27,25,15,4,'Snack','2024-11-23 16:29:58','2024-12-07 09:38:07',10,9),(82,'Chinese Green Tea',NULL,'Brew green tea leaves in hot water, then serve with or without milk depending on preference.','A simple and calming Chinese green tea, known for its health benefits and subtle flavor.','https://res.cloudinary.com/cookio/image/upload/chinese_green_tea.jpg',27,5,5,4,'Beverage','2024-11-23 16:30:07','2024-12-07 09:38:07',11,9),(83,'Soy Sauce',NULL,'Mix soy sauce with olive oil and other seasonings to create a versatile and savory dipping sauce.','A fundamental sauce in Chinese cuisine, used as a seasoning or dipping sauce for a wide variety of dishes.','https://res.cloudinary.com/cookio/image/upload/soy_sauce.jpg',27,5,0,4,'Sauce','2024-11-23 16:30:28','2024-12-07 09:38:07',12,9),(84,'Fried Rice',NULL,'Stir-fry rice with chicken, sausage, and onions in olive oil. Season with soy sauce and serve as a side dish.','A classic Chinese fried rice made with leftover rice, vegetables, and proteins, seasoned with soy sauce.','https://res.cloudinary.com/cookio/image/upload/fried_rice.jpg',27,15,10,4,'Side Dish','2024-11-23 16:30:41','2024-12-07 09:38:07',13,9),(85,'Greek Tzatziki',NULL,'Grate cucumber and mix with yogurt, olive oil, lime juice, minced garlic, and finely chopped onion. Chill before serving.','A refreshing Greek yogurt-based dip with cucumber, garlic, and lime, perfect for serving with pita bread or vegetables.','https://res.cloudinary.com/cookio/image/upload/greek_tzatziki.jpg',27,10,0,4,'Appetizer','2024-11-23 16:35:17','2024-12-07 09:38:07',4,10),(86,'Chicken Souvlaki',NULL,'Marinate chicken in olive oil, lime juice, and yogurt. Skewer the chicken and grill until cooked through.','Grilled skewers of marinated chicken, served with a tangy yogurt sauce and warm pita.','https://res.cloudinary.com/cookio/image/upload/chicken_souvlaki.jpg',27,15,20,4,'Main Course','2024-11-23 16:35:28','2024-12-07 09:38:07',5,10),(87,'Greek Baklava',NULL,'Layer phyllo dough with crushed almonds and sugar. Drizzle with melted butter, bake until golden, then soak in syrup made from honey and sugar.','A sweet and flaky dessert with layers of phyllo dough, chopped almonds, and sweet syrup.','https://res.cloudinary.com/cookio/image/upload/greek_baklava.jpg',27,25,30,8,'Dessert','2024-11-23 16:35:39','2024-12-07 09:38:07',6,10),(88,'Greek Salad',NULL,'Combine chopped tomatoes, cucumbers, onions, and bell peppers. Toss with olive oil, lemon juice, and feta cheese.','A fresh and vibrant salad featuring cucumbers, tomatoes, bell peppers, and feta cheese, all dressed in olive oil and lemon juice.','https://res.cloudinary.com/cookio/image/upload/greek_salad.jpg',27,10,0,4,'Salad','2024-11-23 16:35:45','2024-12-07 09:38:07',7,10),(89,'Greek Lentil Soup (Fakes Soupa)',NULL,'Sauté onions and sausage in olive oil, then add lentils, water, and vinegar. Simmer until lentils are tender.','A hearty and healthy lentil soup with the richness of olive oil and a tangy hint from vinegar.','https://res.cloudinary.com/cookio/image/upload/greek_lentil_soup_(fakes_soupa).jpg',27,10,45,4,'Soup','2024-11-23 16:35:50','2024-12-07 09:38:07',8,10),(90,'Greek Yogurt with Honey and Nuts',NULL,'Scoop Greek yogurt into bowls, drizzle with honey, and sprinkle with crushed almonds.','A simple and nutritious breakfast with rich Greek yogurt, sweet honey, and crunchy almonds.','https://res.cloudinary.com/cookio/image/upload/greek_yogurt_with_honey_and_nuts.jpg',27,5,0,4,'Breakfast','2024-11-23 16:35:57','2024-12-07 09:38:07',9,10),(91,'Greek Spanakopita (Spinach Pie)',NULL,'Sauté spinach in olive oil, then mix with cheese and spices. Layer phyllo dough with spinach mixture and bake until golden.','A savory pastry filled with spinach and cheese, wrapped in crispy phyllo dough.','https://res.cloudinary.com/cookio/image/upload/greek_spanakopita_(spinach_pie).jpg',27,20,30,6,'Snack','2024-11-23 16:36:05','2024-12-07 09:38:07',10,10),(92,'Greek Coffee',NULL,'Brew finely ground Greek coffee with water and sugar, then serve in small cups.','A rich and thick coffee brewed with finely ground coffee beans, served with sugar to taste.','https://res.cloudinary.com/cookio/image/upload/greek_coffee.jpg',27,5,5,2,'Beverage','2024-11-23 16:36:11','2024-12-07 09:38:07',11,10),(93,'Greek Tzatziki Sauce',NULL,'Combine yogurt, minced garlic, lemon juice, chopped cucumber, and olive oil to make a creamy, tangy sauce.','A cool and creamy yogurt-based sauce with garlic and cucumber, perfect for pairing with grilled meats or pita.','https://res.cloudinary.com/cookio/image/upload/greek_tzatziki_sauce.jpg',27,10,0,4,'Sauce','2024-11-23 16:36:17','2024-12-07 09:38:07',12,10),(94,'Greek Roasted Potatoes',NULL,'Toss potato wedges in olive oil, vinegar, and Greek spices. Roast until golden brown and serve as a side dish.','Crispy roasted potatoes flavored with olive oil and vinegar, making a perfect side dish for any Greek meal.','https://res.cloudinary.com/cookio/image/upload/greek_roasted_potatoes.jpg',27,10,40,4,'Side Dish','2024-11-23 16:36:23','2024-12-07 09:38:07',13,10),(95,'Thai Spring Rolls',NULL,'Mix finely chopped vegetables with sausage and wrap in rice paper. Serve with a sweet chili dipping sauce.','Crispy rice paper rolls filled with fresh vegetables and sausage, perfect for an appetizer.','https://res.cloudinary.com/cookio/image/upload/thai_spring_rolls.jpg',27,20,10,4,'Appetizer','2024-11-23 16:38:06','2024-12-07 09:38:07',4,11),(96,'Pad Thai',NULL,'Stir-fry chicken, rice noodles, and a mix of lime, sugar, and tamarind paste. Garnish with peanuts and lime.','A classic Thai stir-fry with rice noodles, chicken, and a tangy sweet sauce.','https://res.cloudinary.com/cookio/image/upload/pad_thai.jpg',27,15,15,4,'Main Course','2024-11-23 16:38:13','2024-12-07 09:38:07',5,11),(97,'Tom Yum Soup',NULL,'Simmer chicken with lemongrass, kaffir lime leaves, chili, and a splash of fish sauce to make a flavorful broth.','A spicy and tangy Thai soup made with chicken, lemongrass, lime, and chili.','https://res.cloudinary.com/cookio/image/upload/tom_yum_soup.jpg',27,10,20,4,'Soup','2024-11-23 16:38:29','2024-12-07 09:38:07',8,11),(98,'Thai Green Papaya Salad (Som Tum)',NULL,'Shred green papaya and toss with lime juice, fish sauce, and chili. Serve with crushed peanuts.','A refreshing salad made with shredded green papaya, lime, and chili, served with crushed peanuts.','https://res.cloudinary.com/cookio/image/upload/thai_green_papaya_salad_(som_tum).jpg',27,10,0,4,'Salad','2024-11-23 16:38:39','2024-12-07 09:38:07',7,11),(99,'Mango Sticky Rice',NULL,'Cook sticky rice and mix with sweetened coconut milk. Serve with fresh mango slices and a drizzle of coconut cream.','A sweet Thai dessert made with sticky rice, coconut milk, and fresh mango slices.','https://res.cloudinary.com/cookio/image/upload/mango_sticky_rice.jpg',27,15,20,4,'Dessert','2024-11-23 16:38:45','2024-12-07 09:38:07',6,11),(100,'Thai Satay Chicken Skewers',NULL,'Marinate chicken in a mix of coconut milk, lime, and spices. Skewer and grill until cooked through.','Grilled chicken skewers marinated in coconut milk and spices, served with a peanut dipping sauce.','https://res.cloudinary.com/cookio/image/upload/thai_satay_chicken_skewers.jpg',27,15,20,4,'Snack','2024-11-23 16:38:50','2024-12-07 09:38:07',10,11),(101,'Thai Fried Rice',NULL,'Fry chicken, sausage, and vegetables. Add cooked rice and stir-fry with fish sauce and lime.','A flavorful fried rice dish with chicken, sausage, and a hint of lime.','https://res.cloudinary.com/cookio/image/upload/thai_fried_rice.jpg',27,10,15,4,'Side Dish','2024-11-23 16:38:55','2024-12-07 09:38:07',13,11),(102,'Thai Iced Tea',NULL,'Brew strong black tea, sweeten with sugar, and serve over ice with a splash of coconut milk.','A sweet and refreshing Thai iced tea with coconut milk and a rich tea flavor.','https://res.cloudinary.com/cookio/image/upload/thai_iced_tea.jpg',27,10,5,2,'Beverage','2024-11-23 16:39:01','2024-12-07 09:38:07',11,11),(103,'Thai Peanut Sauce',NULL,'Blend peanuts, soy sauce, sugar, and lime juice until smooth. Serve with grilled chicken or vegetables.','A rich and creamy peanut sauce, perfect for dipping or drizzling over grilled meats and vegetables.','https://res.cloudinary.com/cookio/image/upload/thai_peanut_sauce.jpg',27,10,0,4,'Sauce','2024-11-23 16:39:05','2024-12-07 09:38:07',12,11),(104,'Thai Coconut Rice',NULL,'Cook rice in coconut milk and a little sugar for a fragrant, creamy side dish.','A fragrant and creamy side dish of rice cooked with coconut milk, perfect with Thai dishes.','https://res.cloudinary.com/cookio/image/upload/thai_coconut_rice.jpg',27,10,20,4,'Side Dish','2024-11-23 16:39:09','2024-12-07 09:38:07',13,11),(105,'Spanish Patatas Bravas',NULL,'Fry diced potatoes until golden. Make a spicy tomato sauce with bell pepper and onion, and serve over the crispy potatoes.','Crispy potatoes topped with a spicy tomato sauce, a popular Spanish appetizer.','https://res.cloudinary.com/cookio/image/upload/spanish_patatas_bravas.jpg',27,15,25,4,'Appetizer','2024-11-23 16:45:18','2024-12-07 09:38:07',4,12),(106,'Spanish Paella',NULL,'Cook chicken and sausage with rice and saffron in a large pan. Add vegetables and seafood for a classic paella.','A vibrant and flavorful rice dish with chicken, sausage, seafood, and saffron.','https://res.cloudinary.com/cookio/image/upload/spanish_paella.jpg',27,15,45,4,'Main Course','2024-11-23 16:45:24','2024-12-07 09:38:07',5,12),(107,'Spanish Gazpacho',NULL,'Blend tomatoes, cucumber, bell pepper, and onion with olive oil and vinegar to make a chilled soup.','A refreshing cold soup made with tomatoes, cucumbers, and bell peppers, perfect for hot summer days.','https://res.cloudinary.com/cookio/image/upload/spanish_gazpacho.jpg',27,15,0,4,'Soup','2024-11-23 16:45:28','2024-12-07 09:38:07',8,12),(108,'Spanish Ensalada Mixta',NULL,'Combine tomatoes, lettuce, olives, onions, and bell peppers. Dress with olive oil, vinegar, and salt.','A simple and fresh salad with tomatoes, lettuce, olives, and a light olive oil dressing.','https://res.cloudinary.com/cookio/image/upload/spanish_ensalada_mixta.jpg',27,10,0,4,'Salad','2024-11-23 16:45:32','2024-12-07 09:38:07',7,12),(109,'Spanish Churros',NULL,'Make a dough with flour, water, and sugar. Fry until golden and dust with cinnamon sugar.','A sweet, crispy fried dough dusted with cinnamon sugar, traditionally served with hot chocolate for dipping.','https://res.cloudinary.com/cookio/image/upload/spanish_churros.jpg',27,15,20,4,'Dessert','2024-11-23 16:45:36','2024-12-07 09:38:07',6,12),(110,'Spanish Tortilla',NULL,'Cook potatoes and onions in olive oil, add beaten eggs, and cook until golden brown on both sides.','A traditional Spanish omelette made with potatoes, onions, and eggs, perfect for a snack or light meal.','https://res.cloudinary.com/cookio/image/upload/spanish_tortilla.jpg',27,10,20,4,'Snack','2024-11-23 16:45:45','2024-12-07 09:38:07',10,12),(111,'Spanish Pisto',NULL,'Sauté bell peppers, onions, tomatoes, and zucchini. Serve with a fried egg on top.','A vegetable medley cooked in olive oil, typically served with a fried egg for extra flavor.','https://res.cloudinary.com/cookio/image/upload/spanish_pisto.jpg',27,10,20,4,'Side Dish','2024-11-23 16:45:48','2024-12-07 09:38:07',13,12),(112,'Spanish Sangria',NULL,'Mix red wine with fruit juice, chopped fruit, sugar, and a splash of brandy. Chill before serving.','A refreshing fruit-infused wine punch that is perfect for summer gatherings.','https://res.cloudinary.com/cookio/image/upload/spanish_sangria.jpg',27,10,0,4,'Beverage','2024-11-23 16:45:52','2024-12-07 09:38:07',11,12),(113,'Spanish Romesco Sauce',NULL,'Blend roasted tomatoes, peppers, garlic, and almonds with olive oil to make a smoky and nutty sauce.','A smoky and nutty sauce made with roasted peppers and tomatoes, perfect for pairing with grilled meats.','https://res.cloudinary.com/cookio/image/upload/spanish_romesco_sauce.jpg',27,10,20,4,'Sauce','2024-11-23 16:45:56','2024-12-07 09:38:07',12,12),(114,'Spanish Fried Eggplant',NULL,'Fry eggplant slices in olive oil until crispy and golden. Serve with a sprinkle of salt and vinegar.','Crispy and golden fried eggplant slices, often served as a side dish to complement any Spanish meal.','https://res.cloudinary.com/cookio/image/upload/spanish_fried_eggplant.jpg',27,10,20,4,'Side Dish','2024-11-23 16:45:59','2024-12-07 09:38:07',13,12),(115,'American Sliders',NULL,'Grill or pan-fry small beef or chicken patties, place on mini buns, and top with your favorite condiments.','Miniature burgers that are perfect for a snack or appetizer, served on soft buns with toppings.','https://res.cloudinary.com/cookio/image/upload/american_sliders.jpg',27,10,15,4,'Appetizer','2024-11-23 16:46:23','2024-12-07 09:38:07',4,13),(116,'American BBQ Ribs',NULL,'Slow cook ribs with a smoky BBQ sauce, finishing on the grill for a crispy, caramelized exterior.','Tender ribs cooked in a smoky BBQ sauce, perfect for a summer cookout or family dinner.','https://res.cloudinary.com/cookio/image/upload/american_bbq_ribs.jpg',27,10,60,4,'Main Course','2024-11-23 16:46:33','2024-12-07 09:38:07',5,13),(117,'American Clam Chowder',NULL,'Sauté onions and garlic, add clams, potatoes, and cream, then simmer to create a creamy, comforting chowder.','A creamy soup with clams, potatoes, and a rich base, typically enjoyed in New England.','https://res.cloudinary.com/cookio/image/upload/american_clam_chowder.jpg',27,15,30,4,'Soup','2024-11-23 16:46:48','2024-12-07 09:38:07',8,13),(118,'American Caesar Salad',NULL,'Toss lettuce with Caesar dressing, croutons, and grated cheese for a classic American salad.','A classic American salad made with lettuce, croutons, and a creamy Caesar dressing.','https://res.cloudinary.com/cookio/image/upload/american_caesar_salad.jpg',27,10,0,4,'Salad','2024-11-23 16:46:51','2024-12-07 09:38:07',7,13),(119,'American Apple Pie',NULL,'Prepare a flaky crust, fill with spiced apples, and bake until golden and bubbly.','A warm and comforting apple pie with a buttery crust, perfect for dessert or a holiday meal.','https://res.cloudinary.com/cookio/image/upload/american_apple_pie.jpg',27,15,45,6,'Dessert','2024-11-23 16:46:55','2024-12-07 09:38:07',6,13),(120,'American Mac and Cheese',NULL,'Cook macaroni pasta and make a creamy cheese sauce, then combine the two for a rich, cheesy dish.','A comforting side dish made with macaroni and a creamy, cheesy sauce.','https://res.cloudinary.com/cookio/image/upload/american_mac_and_cheese.jpg',27,10,20,4,'Side Dish','2024-11-23 16:47:09','2024-12-07 09:38:07',13,13),(121,'American Milkshake',NULL,'Blend milk, ice cream, and sugar to make a thick, creamy milkshake. Add chocolate or vanilla for flavor.','A thick and creamy milkshake, perfect for a sweet treat or a refreshing drink.','https://res.cloudinary.com/cookio/image/upload/american_milkshake.jpg',27,5,0,4,'Beverage','2024-11-23 16:47:14','2024-12-07 09:38:07',11,13),(122,'American BBQ Sauce',NULL,'Combine ketchup, vinegar, sugar, and spices to create a smoky and tangy BBQ sauce.','A tangy and smoky BBQ sauce, perfect for grilling or dipping.','https://res.cloudinary.com/cookio/image/upload/american_bbq_sauce.jpg',27,5,10,4,'Sauce','2024-11-23 16:47:18','2024-12-07 09:38:07',12,13),(123,'American Coleslaw',NULL,'Shred cabbage and carrots, then toss with a creamy dressing made with mayonnaise and vinegar.','A crunchy and creamy coleslaw, often served as a side dish to BBQ meals or fried foods.','https://res.cloudinary.com/cookio/image/upload/american_coleslaw.jpg',27,10,0,4,'Side Dish','2024-11-23 16:47:21','2024-12-07 09:38:07',13,13),(124,'Aperol Spritz',NULL,'A citrusy and bittersweet flavored liqueur made from gentian root, bitter orange peel, and herbs.','A popular Italian aperitif typically served as a cocktail with Prosecco, soda water, and a slice of orange.','http://res.cloudinary.com/cookio/image/upload/v1733581441/glk6az1gomrmufye9rne.webp',27,5,0,2,'Beverage','2024-12-07 14:24:02','2024-12-07 14:24:02',11,4),(126,'Prosecco 2.0',NULL,'Bla blha blah ','Just prosecco','http://res.cloudinary.com/cookio/image/upload/v1740736771/bm8zmkfryoqpwzqfgwl7.jpg',27,5,0,2,'Beverage','2025-02-28 09:59:29','2025-02-28 10:03:20',11,4),(129,'Prosecco 3.0',NULL,'Bla blha blah ','Just prosecco','http://res.cloudinary.com/cookio/image/upload/v1740825754/ahhqeomgsistmtf0sbhx.jpg',27,5,0,2,'Beverage','2025-03-01 10:42:33','2025-03-01 10:42:33',11,4);
/*!40000 ALTER TABLE `recipes` ENABLE KEYS */;
UNLOCK TABLES;

--
-- Table structure for table `types`
--

DROP TABLE IF EXISTS `types`;
/*!40101 SET @saved_cs_client     = @@character_set_client */;
/*!50503 SET character_set_client = utf8mb4 */;
CREATE TABLE `types` (
  `id` int NOT NULL AUTO_INCREMENT,
  `name` varchar(100) NOT NULL,
  `description` text,
  `created_at` timestamp NULL DEFAULT CURRENT_TIMESTAMP,
  `updated_at` timestamp NULL DEFAULT CURRENT_TIMESTAMP ON UPDATE CURRENT_TIMESTAMP,
  PRIMARY KEY (`id`),
  UNIQUE KEY `name` (`name`)
) ENGINE=InnoDB AUTO_INCREMENT=15 DEFAULT CHARSET=utf8mb4 COLLATE=utf8mb4_0900_ai_ci;
/*!40101 SET character_set_client = @saved_cs_client */;

--
-- Dumping data for table `types`
--

LOCK TABLES `types` WRITE;
/*!40000 ALTER TABLE `types` DISABLE KEYS */;
INSERT INTO `types` VALUES (4,'Appetizer','A small dish served before the main course to stimulate the appetite.','2024-11-23 12:56:32','2024-11-23 12:56:32'),(5,'Main Course','The central or most substantial dish of a meal.','2024-11-23 12:56:32','2024-11-23 12:56:32'),(6,'Dessert','A sweet course that concludes a meal.','2024-11-23 12:56:32','2024-11-23 12:56:32'),(7,'Salad','A mixture of small pieces of food, often including vegetables or fruits.','2024-11-23 12:56:32','2024-11-23 12:56:32'),(8,'Soup','A liquid dish, typically made by boiling meat, fish, or vegetables in stock or water.','2024-11-23 12:56:32','2024-11-23 12:56:32'),(9,'Breakfast','The first meal of the day, often light and energy-boosting.','2024-11-23 12:56:32','2024-11-23 12:56:32'),(10,'Snack','A small portion of food eaten between meals.','2024-11-23 12:56:32','2024-11-23 12:56:32'),(11,'Beverage','A drink, either hot or cold, served with or without meals.','2024-11-23 12:56:32','2024-11-23 12:56:32'),(12,'Sauce','A liquid or semi-liquid mixture served as a complement to a dish.','2024-11-23 12:56:32','2024-11-23 12:56:32'),(13,'Side Dish','A smaller dish served alongside the main course to complement it.','2024-11-23 12:56:32','2024-11-23 12:56:32');
/*!40000 ALTER TABLE `types` ENABLE KEYS */;
UNLOCK TABLES;

--
-- Table structure for table `user_recipe`
--

DROP TABLE IF EXISTS `user_recipe`;
/*!40101 SET @saved_cs_client     = @@character_set_client */;
/*!50503 SET character_set_client = utf8mb4 */;
CREATE TABLE `user_recipe` (
  `user_id` int NOT NULL,
  `recipe_id` int NOT NULL,
  `created_at` timestamp NULL DEFAULT CURRENT_TIMESTAMP,
  PRIMARY KEY (`user_id`,`recipe_id`),
  KEY `recipe_id` (`recipe_id`),
  CONSTRAINT `user_recipe_ibfk_1` FOREIGN KEY (`user_id`) REFERENCES `users` (`id`) ON DELETE CASCADE,
  CONSTRAINT `user_recipe_ibfk_2` FOREIGN KEY (`recipe_id`) REFERENCES `recipes` (`id`) ON DELETE CASCADE
) ENGINE=InnoDB DEFAULT CHARSET=utf8mb4 COLLATE=utf8mb4_0900_ai_ci;
/*!40101 SET character_set_client = @saved_cs_client */;

--
-- Dumping data for table `user_recipe`
--

LOCK TABLES `user_recipe` WRITE;
/*!40000 ALTER TABLE `user_recipe` DISABLE KEYS */;
INSERT INTO `user_recipe` VALUES (27,50,'2024-11-25 18:03:14'),(27,55,'2024-11-25 18:03:52');
/*!40000 ALTER TABLE `user_recipe` ENABLE KEYS */;
UNLOCK TABLES;

--
-- Table structure for table `users`
--

DROP TABLE IF EXISTS `users`;
/*!40101 SET @saved_cs_client     = @@character_set_client */;
/*!50503 SET character_set_client = utf8mb4 */;
CREATE TABLE `users` (
  `id` int NOT NULL AUTO_INCREMENT,
  `first_name` varchar(100) NOT NULL,
  `last_name` varchar(100) NOT NULL,
  `email` varchar(150) NOT NULL,
  `password` varchar(255) NOT NULL,
  `avatar` varchar(255) DEFAULT NULL,
  `role` enum('user','admin') DEFAULT 'user',
  `bio` text,
  `created_at` timestamp NULL DEFAULT CURRENT_TIMESTAMP,
  `updated_at` timestamp NULL DEFAULT CURRENT_TIMESTAMP ON UPDATE CURRENT_TIMESTAMP,
  `is_email_verified` tinyint(1) DEFAULT '0',
  `verification_token` varchar(255) DEFAULT NULL,
  PRIMARY KEY (`id`),
  UNIQUE KEY `email` (`email`)
) ENGINE=InnoDB AUTO_INCREMENT=34 DEFAULT CHARSET=utf8mb4 COLLATE=utf8mb4_0900_ai_ci;
/*!40101 SET character_set_client = @saved_cs_client */;

--
-- Dumping data for table `users`
--

LOCK TABLES `users` WRITE;
/*!40000 ALTER TABLE `users` DISABLE KEYS */;
INSERT INTO `users` VALUES (27,'Cookio','Admin','cookio_adm1n@yahoo.com','$2a$10$Z/doQsewFEpNUFXTIHDKbem6qGrpD0V08vqsROB/.LBMPVdZN7lPu',NULL,'admin',NULL,'2024-11-23 13:01:06','2025-03-02 15:25:09',1,NULL),(31,'Oleksandr','Lutsiuk','nodetest2023@gmail.com','$2a$10$YgoY0p9PjLPqltkTX94cPOEgykQcRC2vVi.kmlWLjJXaFrw7WHV9G',NULL,'user',NULL,'2024-12-06 19:49:44','2024-12-06 19:50:21',1,NULL),(33,'Jacek2','Kowalski','cookiouser@yahoo.com','$2a$10$C0FRpA5HcJVfhAuuD.BFV.PoMggzhdqrQG2VYlovEAg06ql1g41Iu',NULL,'user',NULL,'2025-02-27 16:33:37','2025-03-02 15:28:57',1,NULL);
/*!40000 ALTER TABLE `users` ENABLE KEYS */;
UNLOCK TABLES;
/*!40103 SET TIME_ZONE=@OLD_TIME_ZONE */;

/*!40101 SET SQL_MODE=@OLD_SQL_MODE */;
/*!40014 SET FOREIGN_KEY_CHECKS=@OLD_FOREIGN_KEY_CHECKS */;
/*!40014 SET UNIQUE_CHECKS=@OLD_UNIQUE_CHECKS */;
/*!40101 SET CHARACTER_SET_CLIENT=@OLD_CHARACTER_SET_CLIENT */;
/*!40101 SET CHARACTER_SET_RESULTS=@OLD_CHARACTER_SET_RESULTS */;
/*!40101 SET COLLATION_CONNECTION=@OLD_COLLATION_CONNECTION */;
/*!40111 SET SQL_NOTES=@OLD_SQL_NOTES */;

-- Dump completed on 2025-03-04  9:23:46
